,excerpt_ID,interview_ID,lon,lat,pl_name,pl_safe,pl_unsafe,re_basic,re_food,re_sleep,re_shower,re_restroom,re_hygiene,pl_healthcare,pl_business,pl_police,pl_YEH_provider,pl_park,time_day,time_night
0,BD14_01,BD_14_08_07_2018,-122.4129525,37.782095,"Larkin Street Youth Services, 134 Golden Gate Ave",1.0,,1,1.0,,,,,,,,1.0,,1.0,
1,BD14_02,BD_14_08_07_2018,-122.4376241,37.7911417,Alta Plaza Park,1.0,,0,,,,,,,,,,1.0,,1.0
2,BD14_03,BD_14_08_07_2018,-122.4074374,37.7879938,Union Square,1.0,,0,,,,,,,,,,,1.0,
3,BD14_04,BD_14_08_07_2018,-122.4131757,37.7820675,St. Anthony Foundation,1.0,,1,1.0,,,,,,,,,,1.0,
4,BD17_01,BD_17_08_15_2018,-122.4415926,37.7582816,Kite Hill,1.0,,0,,1.0,,,,,,,,1.0,,1.0
5,BD17_02,BD_17_08_15_2018,-122.4349009,37.76240629999999,Orphan Andy's,1.0,,1,1.0,,,,,,1.0,,,,,
6,BD17_03,BD_17_08_15_2018,-122.4129525,37.782095,"Larkin Street Youth Services, 134 Golden Gate Ave",1.0,,1,1.0,,,,,,,,1.0,,1.0,
7,BD17_04,BD_17_08_15_2018,-122.4349808,37.7624897,Jane Warner Plaza,,1.0,0,,,,,,,,1.0,,,,1.0
8,BD17_05,BD_17_08_15_2018,-122.4318746,37.7629584,Dimensions Queer Youth Clinic,1.0,,0,,,,,,1.0,,,1.0,,1.0,
9,BD17_06,BD_17_08_15_2018,-122.4129525,37.782095,"Larkin Street Youth Services, 134 Golden Gate Ave",,,1,,,1.0,,,,,,,,1.0,
10,BD17_07,BD_17_08_15_2018,-122.4358063,37.760389,"LYRIC Center for LGBTQQ Youth, 127 Collingwood St",1.0,,1,,,,,1.0,,,,1.0,,1.0,
11,BD17_08,BD_17_08_15_2018,-122.4239552,37.7717568,"SF LGBT Center, 1800 Market St",,,1,,,,,1.0,,,,,,1.0,
12,BD17_09,BD_17_08_15_2018,-122.4318162,37.7640815,Eureka Valley/Harvey Milk Memorial Branch Library,1.0,,0,,,,,,,,,,,1.0,
13,BD17_10,BD_17_08_15_2018,-122.4350262,37.7608908,18th and Castro,1.0,,0,,,,,,,,,,,,1.0
14,BD17_11,BD_17_08_15_2018,-122.4440981,37.7703007,"Haight Street Referral Center, 1317 Haight St",,,0,,1.0,,,,,,,1.0,,1.0,
15,BD17_12,BD_17_08_15_2018,-122.4129525,37.782095,"Larkin Street Youth Services, 134 Golden Gate Ave",,,0,,1.0,,,,,,,1.0,,1.0,
16,BD17_13,BD_17_08_15_2018,-122.4239552,37.7717568,"SF LGBT Center, 1800 Market St",,,1,1.0,,,,,,,,,,1.0,
17,BD17_14,BD_17_08_15_2018,-122.4358063,37.760389,"LYRIC Center for LGBTQQ Youth, 127 Collingwood St",1.0,,1,1.0,,,,,,,,,,1.0,
18,BD13_01,BD_13_08_02_2018,-122.4481393,37.7692204,Haight and Ashbury,1.0,,0,,,,,,,,,,,1.0,
19,BD13_02,BD_13_08_02_2018,-122.4473302,37.7718909,Oak and Ashbury,1.0,,0,,,,,,,,,,,1.0,
20,BD13_03,BD_13_08_02_2018,-122.4440981,37.7703007,"Haight Street Referral Center, 1317 Haight St",1.0,,1,1.0,,,1.0,1.0,,,,1.0,,1.0,
21,BD13_04,BD_13_08_02_2018,-122.4510289,37.7701548,Park Branch Library,1.0,,0,,1.0,,,,,,,,,,1.0
22,BD13_05,BD_13_08_02_2018,-122.4578869,37.7699176,Hippie Hill,1.0,,0,,,,,,,,,,1.0,1.0,
23,BD13_06,BD_13_08_02_2018,-122.4407535,37.7727219,Oak and Baker,,1.0,0,,,,,,,,,,1.0,1.0,
24,BD13_07,BD_13_08_02_2018,-122.4473302,37.7718909,Oak and Ashbury,1.0,,0,,,,,,,,,,1.0,1.0,
25,BD13_08,BD_13_08_02_2018,-122.4414145,37.7684046,Buena Vista Park,1.0,,1,,1.0,1.0,1.0,1.0,,,,,1.0,1.0,
26,BD07_01,BD_07_07_12_2018,-122.4451675,37.77006069999999,Coffee to the People,1.0,,1,1.0,,,1.0,,,1.0,,,,1.0,
27,BD07_02,BD_07_07_12_2018,-122.4414145,37.7684046,Buena Vista Park,1.0,,0,,,,,,,,,,1.0,1.0,
28,BD07_03,BD_07_07_12_2018,-122.4440981,37.7703007,"Haight Street Referral Center, 1317 Haight St",1.0,,1,1.0,,,,,,,,1.0,,1.0,
29,BD07_04,BD_07_07_12_2018,-122.4578869,37.7699176,Hippie Hill,1.0,,0,,,,,,,,,,1.0,1.0,
30,BD07_05,BD_07_07_12_2018,-122.4578869,37.7699176,Hippie Hill,,1.0,0,,,,,,,,,,1.0,1.0,
31,BD07_06,BD_07_07_12_2018,-122.4544312,37.7690978,Alvord Lake,,1.0,0,,,,,,,,,,1.0,1.0,
32,BD02_01,BD_02_07_05_2018,-122.4414145,37.7684046,Buena Vista Park,1.0,,0,,1.0,,,,,,,,1.0,,1.0
33,BD02_02,BD_02_07_05_2018,-122.4414145,37.7684046,Buena Vista Park,,1.0,0,,,,,,,,,,1.0,1.0,
34,BD02_03,BD_02_07_05_2018,-122.44681,37.7701583,"Ben and Jerry's, 1480 Haight St",,1.0,0,,,,,,,1.0,,,,1.0,
35,BD02_04,BD_02_07_05_2018,-122.4440981,37.7703007,"Haight Street Referral Center, 1317 Haight St",1.0,,1,1.0,,,,1.0,,,,1.0,,1.0,
36,BD02_05,BD_02_07_05_2018,-122.4481614,37.7701255,"Taking it to the Streets, 1572 Haight St",1.0,,0,,,,,,,,,1.0,,1.0,
37,BD02_06,BD_02_07_05_2018,-122.4504613,37.7698706,Huckleberry Cole Street Youth Clinic,1.0,,1,,,,,1.0,1.0,,,1.0,,1.0,
38,BD02_07,BD_02_07_05_2018,-122.4483557,37.7700404,554 Clayton St,1.0,,1,,,,,1.0,,,,1.0,,1.0,
39,BD02_08,BD_02_07_05_2018,-122.4457064,37.77037869999999,"Amal's Deli, 1416 Haight St",1.0,,1,1.0,,,,,,1.0,,,,1.0,
40,GF02_01,GF_02_07_05_2018,-122.4160302,37.7782432,"Well's Fargo, 1266 Market St",,1.0,0,,1.0,,,,,,,,,,1.0
41,GF02_02,GF_02_07_05_2018,-122.4116655,37.7858616,Orange Village Hostel,,,0,,1.0,,,,,1.0,,,,,
42,GF02_03,GF_02_07_05_2018,-122.4115479,37.78694650000001,Geary and Tayor,1.0,,0,,,,,,,,,,,1.0,
43,GF02_04,GF_02_07_05_2018,-122.4023962,37.7794764,5th and Clara,1.0,,0,,1.0,,,,,,,,,,1.0
44,GF02_05,GF_02_07_05_2018,-122.4236761,37.77178350000001,Octavia and Market,1.0,,0,,,,,,,,,,,1.0,
45,GF02_06,GF_02_07_05_2018,-122.4239552,37.7717568,"SF LGBT Center, 1800 Market St",1.0,,1,1.0,,,,,,,,1.0,,1.0,
46,GF02_07,GF_02_07_05_2018,-122.4129525,37.782095,"Larkin Street Youth Services, 134 Golden Gate Ave",,1.0,1,1.0,,,,,,,,1.0,,1.0,
47,GF02_08,GF_02_07_05_2018,-122.4202278,37.7836804,"Lark - Inn for Youth, 869 Ellis St",,1.0,1,1.0,1.0,,,,,,,1.0,,,
48,GF02_09,GF_02_07_05_2018,-122.4134473,37.7849087,"Glide Foundation, 434 Ellis St",,,1,1.0,,,,,,,,,,1.0,
49,GF02_10,GF_02_07_05_2018,-122.4131757,37.7820675,St. Anthony Foundation,,,1,1.0,,,,1.0,1.0,,,,,1.0,
50,GF02_11,GF_02_07_05_2018,-122.4125538,37.7804778,7th and Market,,1.0,0,,1.0,,,,,,,,,,1.0
51,GF02_12,GF_02_07_05_2018,-122.4129525,37.782095,"Larkin Street Youth Services, 134 Golden Gate Ave",1.0,,1,1.0,,,1.0,1.0,1.0,,,1.0,,1.0,
52,GF02_13,GF_02_07_05_2018,-122.4126225,37.7839391,Jones and Eddy,,,0,,,,1.0,,,,,,,1.0,
53,GF02_14,GF_02_07_05_2018,-122.4125465,37.7828752,Emos Place Café,,,0,,,,1.0,,,,,,,1.0,
54,GF02_15,GF_02_07_05_2018,-122.4157961,37.7790819,"San Francisco Public Library, 100 Larkin St",1.0,,0,,,,1.0,,,,,,,1.0,
55,GF02_16,GF_02_07_05_2018,-122.4068557,37.783743,Westfield San Francisco Centre,1.0,,0,,,,1.0,,,,,,,1.0,
56,BD05_01,BD_05_07_11_2018,-122.4486003,37.7698121,Haight and Clayton,1.0,,0,,,,,,,,,,,1.0,
57,BD05_02,BD_05_07_11_2018,-122.4453661,37.7702198,Haight and Masonic,1.0,,0,,,,,,,,,,,1.0,
58,BD05_03,BD_05_07_11_2018,-122.4835193,37.76904,Golden Gate Park,,1.0,0,,,,,,,,1.0,,1.0,,
59,BD05_04,BD_05_07_11_2018,-122.4476072,37.7702224,"Haight Street Market, 1530 Haight St",1.0,,1,1.0,,,,,,1.0,,,,1.0,
60,BD05_05,BD_05_07_11_2018,-122.4175103,37.7737375,"Haight-Ashbury Free Clinics, 558 Clayton St",1.0,,0,,,,,,1.0,,,,,1.0,
61,BD05_06,BD_05_07_11_2018,-122.4504613,37.7698706,Huckleberry Cole Street Youth Clinic,1.0,,0,,,,,,1.0,,,1.0,,1.0,
62,BD05_07,BD_05_07_11_2018,-122.4457064,37.77037869999999,"Amal's Deli, 1416 Haight St",,1.0,0,,,,,,,1.0,1.0,,,1.0,
63,BD03_01,BD_03_07_06_2018,-122.4118004,37.781455,"California Check Cashing Stores, 1098 Market,",,1.0,0,,,,,,,1.0,,,,1.0,1.0
64,BD03_02,BD_03_07_06_2018,-122.4129525,37.782095,"Larkin Street Youth Services, 134 Golden Gate Ave",,1.0,0,,,,,,,,,1.0,,1.0,
65,BD03_03,BD_03_07_06_2018,-122.4189806,37.7829844,"Taco Bell, 691 Eddy St",,1.0,1,1.0,,,,,,,,,,1.0,1.0
66,BD03_04,BD_03_07_06_2018,-122.4250056,37.7823695,Eddy and Oak,,1.0,0,,,,,,,,,,,1.0,1.0
67,BD03_05,BD_03_07_06_2018,-122.4175497,37.7833197,Eddy and Larkin,,1.0,0,,,,,,,,,,,1.0,1.0
68,BD03_06,BD_03_07_06_2018,-122.4155242,37.7816678,Golden Gate Ave and Hyde,,1.0,0,,,,,,,,,,,1.0,1.0
69,BD03_07,BD_03_07_06_2018,-122.4141004,37.78007780000001,Civic Center/UN Plaza,,1.0,0,,,,,,,,1.0,,,1.0,1.0
70,BD03_08,BD_03_07_06_2018,-122.4074154,37.7800998,"Hospitality House, 181 6th St",1.0,,1,,,,,1.0,,,,,,,
71,BD03_09,BD_03_07_06_2018,-122.413763,37.7825442,"Hospitality House, 146 Leavenworth St",1.0,,1,,,,,1.0,,,,,,,
72,BD03_10,BD_03_07_06_2018,-122.4134473,37.7849087,"Glide Foundation, 434 Ellis St",1.0,,1,,,,,1.0,,,,,,1.0,
73,BD03_11,BD_03_07_06_2018,-122.4203133,37.7673959,Arriba Juntos,,1.0,0,,,,,,,1.0,,,,1.0,
74,BD03_12,BD_03_07_06_2018,-122.4392481,37.7713242,1020 Haight Str,,1.0,0,,,,,,,,,1.0,,,
75,BD03_13,BD_03_07_06_2018,-122.4122459,37.7820839,Jones and Golden Gate,,1.0,0,,,,,,,,,,,,
76,BD03_14,BD_03_07_06_2018,-122.4209532,37.7838461,Van Ness and Ellis,,1.0,0,,,,,,,,1.0,,,,
77,BD03_15,BD_03_07_06_2018,-122.4215288,37.7876714,Van Ness and Polk,,1.0,0,,,,,,,,1.0,,,,
78,BD03_16,BD_03_07_06_2018,-122.4040001,37.775146,"Hall of Justice, 850 Bryant St",,1.0,0,,,,,,,,1.0,,,,
79,BD03_17,BD_03_07_06_2018,-122.4129525,37.782095,"Larkin Street Youth Services, 134 Golden Gate Ave",,1.0,0,,,,,,,,,1.0,,1.0,
80,BD03_18,BD_03_07_06_2018,-122.4157961,37.7790819,"San Francisco Public Library, 100 Larkin St",1.0,,0,,1.0,,,,,,,,,1.0,
81,BD03_19,BD_03_07_06_2018,-122.4141834,37.7838734,"Tenderloin Museum, 398 Eddy St",1.0,,0,,,,,,,,,,,1.0,
82,BD03_20,BD_03_07_06_2018,-122.4131757,37.7820675,St. Anthony Foundation,1.0,,0,,,,,,,,,,,,
83,GF01_01,GF_01_07_19_2018,-122.4239552,37.7717568,"SF LGBT Center, 1800 Market St",1.0,,1,1.0,1.0,,1.0,,1.0,,,1.0,,1.0,
84,GF01_02,GF_01_07_19_2018,-122.4269038,37.7596168,Dolores Park,1.0,1.0,0,,,,,,,,,,1.0,,
85,GF01_03,GF_01_07_19_2018,-122.4440981,37.7703007,"Haight Street Referral Center, 1317 Haight St",1.0,,1,1.0,,,,,,,,1.0,,,
86,GF01_04,GF_01_07_19_2018,-122.4358063,37.760389,"LYRIC Center for LGBTQQ Youth, 127 Collingwood St",1.0,,0,,,,,,,,,,,,
87,GF01_05,GF_01_07_19_2018,-122.4129525,37.782095,"Larkin Street Youth Services, 134 Golden Gate Ave",1.0,1.0,1,1.0,,1.0,1.0,,1.0,,,1.0,,1.0,
88,GF01_06,GF_01_07_19_2018,-122.4352645,37.7613333,"Strut, 470 Castro St",1.0,,0,,,,,,1.0,,,,,,
89,GF01_07,GF_01_07_19_2018,-122.4344961,37.7578271,"Reliance Market, 699 Castro St",1.0,,0,,1.0,,,,,,,,,,1.0
90,GF01_08,GF_01_07_19_2018,-122.4254372,37.7711945,"Openhouse LGBT Senior Housing, 65 Laguna St",1.0,,0,,1.0,,,,,,,,,,1.0
91,GF01_09,GF_01_07_19_2018,-122.4157961,37.7790819,"San Francisco Public Library, 100 Larkin St",1.0,,0,,,,,,,,,,,1.0,
92,GF01_10,GF_01_07_19_2018,-122.4131757,37.7820675,St. Anthony Foundation,1.0,,0,,,,,,,,,,,,
93,GF01_11,GF_01_07_19_2018,-122.4283067,37.7691214,"Safeway, 2020 Market St",,1.0,1,1.0,,,,,,1.0,,,,,
94,GF01_12,GF_01_07_19_2018,-122.413077,37.758789,"New Door Ventures, 3221 20th St",,1.0,0,,,,,,,,,1.0,,,
95,RP03_01,RP_03_07_10_2018,-122.4440981,37.7703007,"Haight Street Referral Center, 1317 Haight St",1.0,,1,1.0,,,1.0,1.0,,,,1.0,,1.0,
96,RP03_02,RP_03_07_10_2018,-122.4081419,37.78070659999999,"Chico's Pizza, 131 6th St",,1.0,1,1.0,,,,,,1.0,,,,1.0,1.0
97,RP03_03,RP_03_07_10_2018,-122.419698,37.7650566,16th and Mission,,1.0,0,,,,,,,,,,,,
98,RP03_04,RP_03_07_10_2018,-122.4728758,37.7806986,Geary and 14th,1.0,,0,,,,,,,,,,1.0,,
99,RP03_04,RP_03_07_10_2018,-122.4742005,37.7808284,"7-Eleven, 5100 Geary Blvd",1.0,,1,1.0,,,1.0,,,1.0,,,,,
100,RP03_04,RP_03_07_10_2018,-122.4780875,37.7806176,"Gordo Taqueria, 5450 Geary Blvd",1.0,,0,,,,1.0,,,1.0,,,,,
101,RP03_05,RP_03_07_10_2018,-122.4129852,37.7849675,"Starlight Market, 402 Ellis St",,1.0,0,,,,,,,1.0,,,,,
102,RP03_06,RP_03_07_10_2018,-122.4129525,37.782095,"Larkin Street Youth Services, 134 Golden Gate Ave",1.0,1.0,1,1.0,,1.0,1.0,1.0,,,,1.0,,1.0,
103,RP03_07,RP_03_07_10_2018,-122.4697225,37.7872822,Mountain Lake Park,1.0,,0,,1.0,,,,,,,,1.0,,1.0
104,RP03_09,RP_03_07_10_2018,-122.4715919,37.7811049,"7-Eleven, 4850 Geary Blvd",1.0,,1,1.0,,,,,,1.0,,,,,
105,RP03_10,RP_03_07_10_2018,-122.4770481,37.7812508,"Richmond District YMCA, 360 18th Ave",1.0,,1,,,1.0,1.0,1.0,,,,,,1.0,
106,RP05_01,RP_05_07_11_2018,-122.4455954,37.7703842,Love on Haight,1.0,,0,,,,,,,1.0,,,,,
107,RP05_02,RP_05_07_11_2018,-122.4528278,37.76963800000001,"Whole Foods, 690 Stanyan St",1.0,,1,1.0,,,1.0,,,1.0,,,,1.0,
108,GF10_01,GF_10_11_02_2018,-122.3944102,37.7266412,3rd Street Youth Center and Clinic,1.0,,1,1.0,,,1.0,1.0,1.0,,,1.0,,1.0,
109,GF10_02,GF_10_11_02_2018,-122.3927835,37.7152011,Bayview Park,1.0,,0,,1.0,,,,,,,,1.0,,1.0
110,RP01_01,RP_01_07_05_2018,-122.4440981,37.7703007,"Haight Street Referral Center, 1317 Haight St",1.0,,1,1.0,,,1.0,1.0,,,,1.0,,1.0,
111,RP01_02,RP_01_07_05_2018,-122.4504613,37.7698706,Huckleberry Cole Street Youth Clinic,1.0,,0,,,,,,1.0,,,,,,
112,RP01_03,RP_01_07_05_2018,-122.4476072,37.7702224,"Haight Street Market, 1530 Haight St",1.0,,1,1.0,,,,,,1.0,,,,,
113,RP01_04,RP_01_07_05_2018,-122.4455954,37.7703842,Love on Haight,1.0,,0,,,,,,,1.0,,,,,
114,RP01_05,RP_01_07_05_2018,-122.4457064,37.77037869999999,"Amal's Deli, 1416 Haight St",1.0,,1,1.0,,,,,,1.0,,,,,
115,RP01_06,RP_01_07_05_2018,-122.4414145,37.7684046,Buena Vista Park,1.0,,0,,,,,,,,,,1.0,1.0,
116,RP01_07,RP_01_07_05_2018,-122.4510289,37.7701548,Park Branch Library,1.0,,0,,,,1.0,,,,,,,1.0,
117,RP01_08,RP_01_07_05_2018,-122.4510289,37.7701548,Park Branch Library,1.0,,1,1.0,,,1.0,1.0,,,,1.0,,,
118,RP13_01,RP_13_08_15_2018,-122.4239552,37.7717568,"SF LGBT Center, 1800 Market St",1.0,,1,1.0,,,,,,,,1.0,,1.0,
119,RP13_02,RP_13_08_15_2018,-122.4129525,37.782095,"Larkin Street Youth Services, 134 Golden Gate Ave",1.0,,1,1.0,,1.0,1.0,1.0,,,,1.0,,,
120,RP13_03,RP_13_08_15_2018,-122.4440981,37.7703007,Haight Street Referral Center,1.0,1.0,1,1.0,,,,,,,,1.0,,1.0,
121,RP13_04,RP_13_08_15_2018,-122.4537828,37.7237178,1100 Ocean Ave,1.0,,1,,1.0,1.0,1.0,,,,,1.0,,,
122,RP13_05,RP_13_08_15_2018,-122.4195684,37.7653618,16th and Mission BART Station,,1.0,0,,,,,,,,,,,1.0,1.0
123,RP13_06,RP_13_08_15_2018,-122.4197576,37.7637642,"Francis Hotel, 2084 Mission Street",,1.0,0,,1.0,,,,,,,,,,
124,RP13_07,RP_13_08_15_2018,-122.3972493,37.7561624,Potrero Hill Recreation Center,,1.0,0,,,,,,,,,,1.0,,1.0
125,RP13_08,RP_13_08_15_2018,-122.3972493,37.7561624,Potrero Hill Recreation Center,1.0,,0,,,,,,,,,,1.0,1.0,
126,GF07_01,GF_07_10_26_2018,-122.4125538,37.7804778,7th and Market,,1.0,0,,,,,,,,,,,1.0,1.0
127,GF07_02,GF_07_10_26_2018,-122.3909321,37.7339971,3rd Street and Palou,,1.0,0,,,,,,,,,,,,
128,GF07_03,GF_07_10_26_2018,-122.3919104,37.7316428,3rd Street and Shafter,,1.0,0,,,,,,,,,,,,
129,GF07_04,GF_07_10_26_2018,-122.3922426,37.7310958,"Frisco Fried, 5176 3rd Street",,1.0,0,,,,,,,1.0,,,,,
130,GF07_05,GF_07_10_26_2018,-122.3799354,37.733396,Harbor Road and Middle Point Road,,1.0,0,,,,,,,,,,,,
131,GF07_06,GF_07_10_26_2018,-122.3944102,37.7266412,3rd Street Youth Center and Clinic,1.0,,1,1.0,,,1.0,1.0,1.0,,,1.0,,1.0,
132,GF07_07,GF_07_10_26_2018,-122.4165839,37.7645364,Mission Neighborhood Health Center,1.0,,1,,,,1.0,1.0,1.0,,,,,,
133,GF07_08,GF_07_10_26_2018,-122.4049965,37.7561161, Zuckerberg San Francisco General Hospital ,1.0,,0,,,,,,1.0,,,,,,
134,GF07_09,GF_07_10_26_2018,-122.4061541,37.7584193,"Hummingbird Peer Respite Center, 887 Potrero Avenue",1.0,,1,1.0,1.0,,1.0,1.0,1.0,,,,,,
135,BD21_01,BD_21_11_02_2018,-122.390654,37.7347832,3rd and Oakdale,,1.0,0,,,,,,,,,,1.0,1.0,1.0
136,BD21_02,BD_21_11_02_2018,-122.3838939,37.7310268,Adam Rodgers Park,,1.0,0,,,,,,,,,,1.0,,
137,BD21_03,BD_21_11_02_2018,-122.3881781,37.7172366,Gilman Playground,,1.0,0,,,,,,,,1.0,,1.0,,1.0
138,BD21_04,BD_21_11_02_2018,-122.3881781,37.7172366,Gilman Playground,1.0,,0,,,,,,,,,,1.0,1.0,
139,BD21_05,BD_21_11_02_2018,-122.393595,37.725472,Martin Luther King Jr Poolool,1.0,,0,,,,,,,,,,1.0,1.0,
140,BD21_06,BD_21_11_02_2018,-122.4347063,37.778078,Third Baptist Church of San Francisco,1.0,,1,1.0,,,1.0,1.0,,,,,,,1.0
141,BD21_07,BD_21_11_02_2018,-122.3912975,37.7325783,Bayview Linda Brooks-Burton Branch Library,1.0,,0,,,,,,,,,,,1.0,
142,BD21_08,BD_21_11_02_2018,-122.4189268,37.7570409,21st and Mission Street,,1.0,0,,,,,,,,,,,,
143,BD20_01,BD_20_10_19_2018,-122.3944102,37.7266412,3rd Street Youth Center and Clinic,1.0,,1,1.0,,,1.0,1.0,1.0,,,1.0,,1.0,
144,BD10_01,BD_10_07_24_2018,-122.4131233,37.7817745,Saint Boniface Catholic Church,1.0,,0,,1.0,,,,,,,,,1.0,
145,BD10_02,BD_10_07_24_2018,-122.4129525,37.782095,"Larkin Street Youth Services, 134 Golden Gate Ave",1.0,,1,1.0,,,1.0,1.0,,,,1.0,,1.0,
146,BD10_03,BD_10_07_24_2018,-122.4138801,37.78187750000001,Leavenworth St & Golden Gate Ave,,1.0,0,,,,,,,,,,,1.0,1.0
147,BD10_04,BD_10_07_24_2018,-122.4157183,37.7825944,Hyde St and Turk,,1.0,0,,,,,,,,,,,1.0,1.0
148,BD10_05,BD_10_07_24_2018,-122.4147847,37.7787183,8th and Market,,1.0,0,,,,,,,,1.0,,,1.0,1.0
149,BD10_06,BD_10_07_24_2018,-122.4141586,37.7782445,8th and Stevenson St,,1.0,0,,,,,,,,,,,1.0,1.0
150,BD10_07,BD_10_07_24_2018,-122.408845,37.784253,"Carl's Jr, 1 Hallidie Plaza",,1.0,1,1.0,,,,,,,,,,,
151,BD10_08,BD_10_07_24_2018,-122.4155242,37.7816678,Hyde St and Golden Gate Ave,,1.0,0,,,,,,,,,,,1.0,1.0
152,BD10_09,BD_10_07_24_2018,-122.4619469,37.78081580000001,4th and Geary,,1.0,0,,1.0,,,,,,,,,,
153,BD10_10,BD_10_07_24_2018,-122.4122459,37.7820839,Jones and Golden Gate,,1.0,0,,,,,,,,,,,1.0,1.0
154,GF03_01,GF_03_07_24_2018,-122.4392481,37.7713242,1020 Haight Street,1.0,,1,,1.0,1.0,1.0,1.0,,,,1.0,,,
155,GF03_02,GF_03_07_24_2018,-122.4129525,37.782095,"Larkin Street Youth Services, 134 Golden Gate Ave",1.0,,1,1.0,,,,1.0,,,,1.0,,1.0,
156,GF03_03,GF_03_07_24_2018,-122.4125465,37.7828752,Emo's Café,1.0,,1,1.0,,,,,,,,,,1.0,
157,GF03_04,GF_03_07_24_2018,-122.4835193,37.76904,Golden Gate Park,1.0,,0,,1.0,,,,,,,,1.0,1.0,1.0
158,GF03_05,GF_03_07_24_2018,-122.4414145,37.7684046,Buena Vista Park,1.0,,0,,1.0,,,,,,,,1.0,1.0,1.0
159,GF03_06,GF_03_07_24_2018,-122.4131757,37.7820675,St. Anthony Foundation,,,1,1.0,,,,,,,,,,1.0,
160,GF03_07,GF_03_07_24_2018,-122.4134473,37.7849087,"Glide Foundation, 434 Ellis St",1.0,,1,1.0,,,,1.0,,,,,,1.0,
161,GF03_08,GF_03_07_24_2018,-122.4147122,37.7848445,"Amigo's, 500 Ellis St",1.0,,1,1.0,,,,,,1.0,,,,1.0,
162,GF03_09,GF_03_07_24_2018,-122.4143343,37.7819853,"Tom Waddell Urban Care Clinic, 230 Golden Gate Ave",1.0,,0,,,,,,1.0,,,,,1.0,
163,RP10_01,RP_10_07_24_2018,-122.4141004,37.78007780000001,Civic Center/UN Plaza,1.0,,0,,,,,,,,1.0,,1.0,1.0,
164,RP10_02,RP_10_07_24_2018,-122.4131762,37.777463,8th and Mission,,1.0,0,,,,,,,,,,,,1.0
165,RP10_03,RP_10_07_24_2018,-122.4103562,37.7822109,6th and Market,,1.0,0,,,,,,,,,,,1.0,1.0
166,RP10_04,RP_10_07_24_2018,-122.4122459,37.7820839,Jones and Golden Gate Ave,,1.0,0,,1.0,,,,,,,,,,1.0
167,RP10_05,RP_10_07_24_2018,-122.4169258,37.7760605,10th and Stevenson St,1.0,1.0,0,,1.0,,,,,,1.0,,,,1.0
168,RP10_06,RP_10_07_24_2018,-122.4125538,37.7804778,7th and Market,,,0,,,,,,,,1.0,,,1.0,
169,RP10_07,RP_10_07_24_2018,-122.4068557,37.783743,Westfield San Francisco Centre,1.0,,0,,,,1.0,,,1.0,,,,1.0,
170,RP10_08,RP_10_07_24_2018,-122.4115438,37.7832403,"City Impact Rescue Mission, 140 Turk St",1.0,,1,1.0,,,,1.0,1.0,,,,,1.0,
171,RP10_09,RP_10_07_24_2018,-122.4157183,37.7825944,Hyde St and Turk,,1.0,0,,,,,,,,,,,1.0,1.0
172,RP10_10,RP_10_07_24_2018,-122.4181435,37.783058,Phoenix Hotel,,1.0,0,,,,,,,1.0,1.0,,,,
173,RP10_11,RP_10_07_24_2018,-122.4137147,37.7795744,Civic Center BART Station,,,0,,,,,,,,,,,1.0,
174,RP10_12,RP_10_07_24_2018,-122.3997819,37.7777275,St. Vincent De Paul Society Multi Service Center,,1.0,1,1.0,1.0,1.0,1.0,1.0,,,,,,,1.0
175,BD12_01,BD_12_07_31_2018,-122.4129525,37.782095,"Larkin Street Youth Services, 134 Golden Gate Ave",1.0,,1,1.0,,1.0,,1.0,1.0,,,1.0,,1.0,
176,BD12_02,BD_12_07_31_2018,-122.4269038,37.7596168,Dolores Park,1.0,,0,,1.0,,,,,,,,1.0,1.0,
177,BD12_03,BD_12_07_31_2018,-122.4269038,37.7596168,Dolores Park,,1.0,0,,,,,,,,,,1.0,,1.0
178,BD12_04,BD_12_07_31_2018,-122.4341592,37.7611572,Castro Country Club,,,1,1.0,,,,,,1.0,,,,,
179,BD12_05,BD_12_07_31_2018,-122.434666,37.761019,"Starbucks, 4094 18th St",1.0,,0,,,,1.0,,,1.0,,,,1.0,
180,BD12_06,BD_12_07_31_2018,-122.4350262,37.7608908,18th and Castro,1.0,,0,,,,,,,,,,,1.0,
181,BD12_07,BD_12_07_31_2018,-122.4350262,37.7608908,18th and Castro,,1.0,0,,,,,,,,,,,,1.0
182,BD12_08,BD_12_07_31_2018,-122.4352084,37.762738,Castro and Market,,1.0,0,,,,,,,,1.0,,,1.0,1.0
183,BD18_01,BD_18_08_15_2018,-122.4442832,37.77472849999999,Diamond Youth Shelter,1.0,,1,1.0,1.0,,1.0,1.0,,,,1.0,,,1.0
184,BD18_02,BD_18_08_15_2018,-122.4545025,37.7817424,"Huckleberry House, 3310 Geary Bld",1.0,,1,1.0,1.0,1.0,1.0,1.0,,,,1.0,,,1.0
185,BD18_03,BD_18_08_15_2018,-122.4352645,37.7613333,"Strut, 470 Castro St",1.0,,0,,,,1.0,,1.0,,,,,1.0,
186,BD18_04,BD_18_08_15_2018,-122.4360242,37.7624412,17th and Market,,,0,,,,1.0,,,,,,,1.0,
187,BD18_05,BD_18_08_15_2018,-122.4269038,37.7596168,Dolores Park,1.0,,0,,1.0,,,,,,,,1.0,1.0,
188,BD19_01,BD_19_08_16_2018,-122.4214721,37.7578211,"Dolores Street Community Services, 938 Valencia St",1.0,,1,1.0,1.0,,1.0,,,,,1.0,,,1.0
189,BD19_02,BD_19_08_16_2018,-122.4199976,37.7861081,"Next Door Shelter, 1001 Polk St",1.0,,1,1.0,1.0,,1.0,,,,,1.0,,,1.0
190,BD19_03,BD_19_08_16_2018,-122.4283067,37.7691214,"Safeway, 2020 Market St",,1.0,0,,,,,,,,,,,,1.0
191,BD19_04,BD_19_08_16_2018,-122.4269038,37.7596168,Dolores Park,1.0,,0,,1.0,,,,,,,,1.0,1.0,
192,BD19_05,BD_19_08_16_2018,-122.4269038,37.7596168,Dolores Park,,1.0,0,,,,,,,,,,1.0,,1.0
193,BD19_06,BD_19_08_16_2018,-122.4137147,37.7795744,Civic Center BART Station,,1.0,0,,,,,,,,1.0,,,,1.0
194,BD19_07,BD_19_08_16_2018,-122.4289504,37.76742309999999,Market and Church St,,1.0,0,,1.0,,,,,1.0,,,,,1.0
195,BD19_08,BD_19_08_16_2018,-122.4183155,37.7192874,John McLaren Park,1.0,,0,,1.0,,,,,,,,1.0,1.0,1.0
196,BD19_09,BD_19_08_16_2018,-122.4336436,37.7262585,Mission St & Excelsior Ave,1.0,,0,,,,,,,,,,,1.0,1.0
197,BD19_10,BD_19_08_16_2018,-122.3997819,37.7777275,St. Vincent De Paul Society Multi Service Center,1.0,,1,1.0,1.0,1.0,1.0,1.0,,,,,,1.0,
198,BD19_11,BD_19_08_16_2018,-122.4195684,37.7653618,16th and Mission BART Station,,1.0,0,,,,,,,,1.0,,,1.0,1.0
199,BD19_12,BD_19_08_16_2018,-122.418312,37.764058,"Mission Neighborhood Resource Center, 165 Capp St",1.0,,1,1.0,1.0,,1.0,1.0,,,,,,1.0,
200,BD19_13,BD_19_08_16_2018,-122.4165839,37.7645364,"Mission Neighborhood Health Center, 240 Shotwell St",1.0,,0,,,,1.0,,1.0,,,,,1.0,
201,BD19_14,BD_19_08_16_2018,-122.4226582,37.7615522,"The Women's Building, 3543 18th St",1.0,,1,1.0,,,1.0,1.0,1.0,,,,,1.0,1.0
202,BD19_15,BD_19_08_16_2018,-122.4187272,37.7651168,16th and Capp St,,1.0,0,,,,,,,,,,,1.0,1.0
203,BD19_16,BD_19_08_16_2018,-122.4184682,37.7522505,24th and Mission BART Station,,1.0,0,,,,,,,,,,,1.0,1.0
204,BD19_17,BD_19_08_16_2018,-122.4195117,37.7656452,"Walgreens, 1979 Mission St",,1.0,0,,,,,,,,,,,1.0,1.0
205,BD15_01,BD_15_08_08_2018,-122.433214,37.76955100000001,"Duboce Park, Duboce and Sanchez",1.0,,0,,,,,,,,,,1.0,1.0,
206,BD15_02,BD_15_08_08_2018,-122.4239552,37.7717568,"SF LGBT Center, 1800 Market St",1.0,,1,1.0,,,1.0,,,,,1.0,,1.0,
207,BD15_03,BD_15_08_08_2018,-122.4209532,37.7838461,Ellis and Van Ness,,1.0,0,,,,,,,,,,,1.0,1.0
208,BD15_04,BD_15_08_08_2018,-122.4129525,37.782095,"Larkin Street Youth Services, 134 Golden Gate Ave",1.0,1.0,1,1.0,,,1.0,,,,,1.0,,1.0,
209,BD15_05,BD_15_08_08_2018,-122.4103562,37.7822109,6th and Market,,1.0,0,,,,,,,,,,,1.0,1.0
210,BD15_06,BD_15_08_08_2018,-122.4131762,37.777463,8th and Mission,,1.0,0,,,,,,,,,,,1.0,1.0
211,BD15_07,BD_15_08_08_2018,-122.4177402,37.7842477,Ellis and Larkin,,1.0,0,,,,,,,,,,,1.0,1.0
212,BD15_08,BD_15_08_08_2018,-122.4171737,37.7814608,Golden Gate and Larkin,,1.0,0,,,,,,,,,,,1.0,1.0
213,BD15_09,BD_15_08_08_2018,-122.417359,37.7823865,Turk and Larkin,,1.0,0,,,,,,,,,,,1.0,1.0
214,BD15_10,BD_15_08_08_2018,-122.5129632,37.7690292,Ocean Beach Fire Pits,1.0,,0,,,,,,,,,,1.0,1.0,1.0
215,BD15_11,BD_15_08_08_2018,-122.4770527,37.8106185,Fort Point National Historic Site,1.0,,0,,,,,,,,,,1.0,1.0,1.0
216,BD15_12,BD_15_08_08_2018,-122.4170789,37.78951259999999,St. Francis Hospital,1.0,,0,,,,,,1.0,,,,,,
217,BD15_13,BD_15_08_08_2018,-122.4068557,37.783743,Westfield San Francisco Centre,1.0,,0,,,,1.0,,,,,,,1.0,
218,BD15_14,BD_15_08_08_2018,-122.455594,37.7516501,Midtown Terrace Playground Picnic Area,1.0,,0,,1.0,,,,,,,,1.0,1.0,1.0
219,BD15_15,BD_15_08_08_2018,-122.4302557,37.7667521,Perramont Hotel,1.0,,0,,1.0,,,,,,,1.0,,,1.0
220,BD15_16,BD_15_08_08_2018,-122.4349808,37.7624897,Jane Warner Plaza,,1.0,0,,,,,,,,,,,,1.0
221,BD15_17,BD_15_08_08_2018,-122.4349808,37.7624897,Jane Warner Plaza,1.0,,0,,,,,,,,,,,1.0,
222,BD15_18,BD_15_08_08_2018,-122.4269038,37.7596168,Dolores Park,1.0,,0,,,,1.0,,,,,,1.0,1.0,
223,RP12_01,RP_12_07_31_2018,-122.4131757,37.7820675,St. Anthony Foundation,,,1,1.0,,,,,,,,,,1.0,
224,RP12_02,RP_12_07_31_2018,-122.4195684,37.7653618,16th and Mission BART Station,,,1,1.0,,,,,,,,,,1.0,
225,RP02_01,RP_02_07_06_2018,-122.4440981,37.7703007,Haight Street Referral Center,1.0,,1,,,,1.0,1.0,,,,1.0,,1.0,
226,RP02_02,RP_02_07_06_2018,-122.4528278,37.76963800000001,"Whole Foods, 690 Stanyan St",1.0,,0,,,,1.0,,,1.0,,,,1.0,
227,RP02_03,RP_02_07_06_2018,-122.4504613,37.7698706,Huckleberry Cole Street Youth Clinic,1.0,,0,,,,,,1.0,,,1.0,,1.0,
228,RP02_04,RP_02_07_06_2018,-122.4451675,37.77006069999999,Coffee to the People,1.0,,0,,,,1.0,,,1.0,,,,1.0,
229,RP02_05,RP_02_07_06_2018,-122.4510289,37.7701548,Park Branch Library,1.0,,0,,,,1.0,,,,,,,1.0,
230,RP07_01,RP_07_07_17_2018,-122.4157961,37.7790819,"San Francisco Public Library, 100 Larkin St",1.0,,0,,,,1.0,,,,,,,1.0,
231,RP07_02,RP_07_07_17_2018,-122.4182329,37.7731459,HealthRIGHT 360,1.0,,0,,,,,,1.0,,,,,1.0,
232,RP07_03,RP_07_07_17_2018,-122.4364545,37.7601734,Eureka Valley Recreation Center,1.0,,0,,,,1.0,,,,,,,1.0,
233,BD09_01,BD_09_07_24_2018,-122.4107898,37.7832413,Turk and Taylor,,1.0,0,,,,,,,,,,,1.0,1.0
234,BD09_02,BD_09_07_24_2018,-122.4071746,37.779741,6th and Howard,,1.0,0,,,,,,,,,,1.0,1.0,1.0
235,BD09_03,BD_09_07_24_2018,-122.4150314,37.7761219,9th and Mission,,1.0,0,,,,,,,,,,1.0,,1.0
236,RP04_01,RP_04_07_10_2018,-122.4414145,37.7684046,Buena Vista Park,,1.0,0,,,,,,,,1.0,,1.0,1.0,1.0
237,RP04_02,RP_04_07_10_2018,-122.4457064,37.77037869999999,"Amal's Deli, 1416 Haight St",1.0,,1,1.0,,,,,,1.0,,,,1.0,
238,RP06_01,RP_06_07_12_2018,-122.4144517,37.7846684,Ellis and Leavenworth,,1.0,0,,1.0,,,,,,,,,,1.0
239,RP06_02,RP_06_07_12_2018,-122.4483557,37.7700404,554 Clayton St,1.0,,1,1.0,,,,1.0,,,,1.0,,,1.0
240,RP06_03,RP_06_07_12_2018,-122.4146425,37.7856022,O'Farrell and Leavenworth,,1.0,0,,,,,,,,,,,,1.0
241,RP06_04,RP_06_07_12_2018,-122.4126479,37.783159,Jones and Leavenworth,,1.0,0,,,,,,,,,,,1.0,1.0
242,GF04_01,GF_04_07_31_2018,-122.3997819,37.7777275,St. Vincent De Paul Society Multi Service Center,1.0,,1,1.0,1.0,1.0,1.0,1.0,,,,,,1.0,1.0
243,GF04_02,GF_04_07_31_2018,-122.4129525,37.782095,"Larkin Street Youth Services, 134 Golden Gate Ave",1.0,,1,1.0,,,,,1.0,,,1.0,,1.0,
244,BD11_01,BD_11_07_25_2018,-122.4129525,37.782095,"Larkin Street Youth Services, 134 Golden Gate Ave",1.0,,1,1.0,,,1.0,,1.0,,,1.0,,1.0,
245,BD08_01,BD_08_07_19_2018,-122.4302557,37.7667521,Perramont Hotel,1.0,,0,,1.0,,,,,,,1.0,,,1.0
246,RP11_01,RP_11_07_31_2018,-122.4414145,37.7684046,Buena Vista Park,,1.0,0,,,,,,,,,,1.0,1.0,1.0
247,RP11_02,RP_11_07_31_2018,-122.4510289,37.7701548,Park Branch Library,1.0,,1,1.0,,,,,,,,1.0,,1.0,
248,RP11_03,RP_11_07_31_2018,-122.453628,37.7739379,St. Mary’s Medical Center,1.0,,1,,,,,1.0,1.0,,,,,1.0,1.0
249,RP11_04,RP_11_07_31_2018,-122.5050393,37.76484,Golden Gate Park 45th Avenue Playground,1.0,,0,,1.0,,,,,,,,1.0,1.0,
250,RP11_05,RP_11_07_31_2018,-122.4578869,37.7699176,Hippie Hill,1.0,,0,,1.0,,,,,,,,1.0,1.0,
251,GF11_01,GF_11_11_02_2018,-122.4074548,37.7789139,San Francisco Independent Living Skills Program,1.0,,1,1.0,1.0,1.0,1.0,1.0,,,,1.0,,1.0,
252,GF11_02,GF_11_11_02_2018,-122.3881781,37.7172366,Gilman Playground,1.0,,0,,,,,,,,,,1.0,1.0,
253,GF06_01,GF_06_10_19_2018,-122.3875901,37.7367096,Kirkwood and Ingalls St,,1.0,0,,,,,,,,,,,1.0,1.0
254,GF06_02,GF_06_10_19_2018,-122.3829057,37.7303519,Oakdale and Ingalls St,,1.0,0,,,,,,,,,,,1.0,1.0
255,GF06_03,GF_06_10_19_2018,-122.3799354,37.733396,Harbor Rd and Ingalls St,,1.0,0,,,,,,,,,,,1.0,1.0
256,GF06_04,GF_06_10_19_2018,-122.3799354,37.733396,West Point Rd and Ingalls St,,1.0,0,,,,,,,,,,,1.0,1.0
257,GF06_05,GF_06_10_19_2018,-122.4207868,37.7478098,St. Luke's Hospital,1.0,,0,,,,,,1.0,,,,,1.0,
258,RP09_01,RP_09_07_24_2018,-122.4122536,37.7843019,"Boeddeker Park, 246 Eddy St",1.0,,0,,,,,,,,,,1.0,1.0,
259,RP09_02,RP_09_07_24_2018,-122.4122536,37.7843019,"Boeddeker Park, 246 Eddy St",,1.0,0,,,,,,,,,,1.0,,1.0
260,RP09_03,RP_09_07_24_2018,-122.4076742,37.7803772,"Sunset Hotel, 161 6th St",1.0,,0,,1.0,,,,,,,1.0,,,1.0
261,RP09_04,RP_09_07_24_2018,-122.4157961,37.7790819,"San Francisco Public Library, 100 Larkin St",1.0,,0,,,,,,,,,,,1.0,
262,RP09_05,RP_09_07_24_2018,-122.3951511,37.7955068,Abraham Lincoln Brigade Monument,1.0,,0,,,,,,,,,,1.0,1.0,
263,BD04_01,BD_04_07_10_2018,-122.3980999,37.7883927,"Greyhound, 425 Mission St",,1.0,0,,,,,,,,,,,1.0,1.0
